Partially cloudy,"Rain, Partially cloudy"
"Rain, Partially cloudy","Rain, Partially cloudy"
Clear,Clear
"Rain, Partially cloudy",Clear
"Rain, Overcast","Rain, Overcast"
Partially cloudy,Clear
Clear,Clear
"Rain, Partially cloudy","Rain, Partially cloudy"
Clear,Clear
Partially cloudy,Partially cloudy
"Rain, Overcast","Rain, Overcast"
"Rain, Overcast","Rain, Overcast"
Clear,Clear
Partially cloudy,Clear
Clear,Clear
Partially cloudy,Partially cloudy
Clear,Clear
"Rain, Overcast",Overcast
"Rain, Overcast",Overcast
Clear,Clear
"Rain, Overcast","Rain, Overcast"
Clear,Clear
"Rain, Overcast","Rain, Overcast"
Partially cloudy,"Rain, Partially cloudy"
Partially cloudy,"Rain, Partially cloudy"
"Rain, Partially cloudy","Rain, Overcast"
"Rain, Partially cloudy","Rain, Partially cloudy"
"Rain, Overcast","Rain, Overcast"
"Rain, Overcast","Rain, Overcast"
"Rain, Partially cloudy",Clear
"Rain, Partially cloudy","Rain, Partially cloudy"
"Rain, Overcast","Rain, Overcast"
Clear,Clear
Clear,Clear
Clear,Clear
Clear,Clear
Partially cloudy,Clear
Clear,Clear
"Rain, Partially cloudy","Rain, Overcast"
"Rain, Overcast","Rain, Overcast"
Clear,Clear
Clear,Clear
Clear,Clear
Overcast,Overcast
"Rain, Overcast","Rain, Partially cloudy"
"Rain, Overcast","Rain, Overcast"
"Rain, Overcast","Rain, Overcast"
Clear,Clear
"Rain, Partially cloudy","Rain, Partially cloudy"
"Rain, Overcast",Overcast
"Rain, Partially cloudy",Clear
Partially cloudy,"Rain, Partially cloudy"
"Rain, Partially cloudy","Rain, Partially cloudy"
Clear,Clear
Partially cloudy,Partially cloudy
Partially cloudy,Partially cloudy
"Rain, Partially cloudy","Rain, Partially cloudy"
Partially cloudy,"Rain, Partially cloudy"
"Rain, Partially cloudy",Partially cloudy
Partially cloudy,Partially cloudy
"Rain, Partially cloudy","Rain, Partially cloudy"
"Rain, Partially cloudy","Rain, Partially cloudy"
"Rain, Overcast","Rain, Overcast"
"Rain, Partially cloudy","Rain, Partially cloudy"
Clear,Clear
Clear,Clear
"Rain, Partially cloudy",Partially cloudy
"Rain, Overcast","Rain, Overcast"
"Rain, Partially cloudy",Partially cloudy
"Rain, Overcast","Rain, Overcast"
"Rain, Overcast","Rain, Overcast"
"Rain, Partially cloudy",Clear
Clear,Clear
"Rain, Partially cloudy",Clear
Clear,Clear
Clear,Clear
Partially cloudy,Clear
Partially cloudy,Clear
Overcast,Overcast
"Rain, Overcast","Rain, Partially cloudy"
"Rain, Partially cloudy",Clear
Partially cloudy,Clear
"Rain, Partially cloudy",Clear
Clear,Clear
Clear,Clear
"Rain, Overcast","Rain, Overcast"
Clear,Clear
Clear,Clear
"Rain, Partially cloudy","Rain, Partially cloudy"
"Rain, Partially cloudy","Rain, Partially cloudy"
Clear,Clear
"Rain, Partially cloudy","Rain, Partially cloudy"
Clear,Clear
Clear,Clear
Clear,Clear
Partially cloudy,"Rain, Partially cloudy"
"Rain, Overcast","Rain, Overcast"
"Rain, Partially cloudy","Rain, Partially cloudy"
Clear,Clear
Clear,Clear
"Rain, Partially cloudy","Rain, Partially cloudy"
"Rain, Partially cloudy",Partially cloudy
"Rain, Overcast","Rain, Overcast"
Clear,Clear
"Rain, Overcast","Rain, Overcast"
"Rain, Overcast","Rain, Overcast"
"Rain, Partially cloudy","Rain, Partially cloudy"
Clear,Clear
"Rain, Partially cloudy",Clear
"Rain, Partially cloudy","Rain, Partially cloudy"
Clear,Clear
Clear,Clear
"Rain, Overcast",Overcast
"Rain, Overcast","Rain, Overcast"
"Rain, Overcast","Rain, Overcast"
Partially cloudy,"Rain, Partially cloudy"
Clear,Clear
"Rain, Partially cloudy","Rain, Partially cloudy"
Partially cloudy,Partially cloudy
Partially cloudy,Partially cloudy
"Rain, Partially cloudy","Rain, Overcast"
Clear,Clear
"Rain, Overcast","Rain, Overcast"
"Rain, Overcast","Rain, Overcast"
"Rain, Partially cloudy","Rain, Partially cloudy"
Partially cloudy,Partially cloudy
Partially cloudy,Clear
Clear,Clear
Clear,Clear
"Rain, Overcast","Rain, Overcast"
"Rain, Partially cloudy","Rain, Partially cloudy"
"Rain, Partially cloudy","Rain, Partially cloudy"
Clear,Clear
Clear,Clear
"Rain, Partially cloudy","Rain, Partially cloudy"
"Rain, Partially cloudy","Rain, Partially cloudy"
Clear,Clear
Clear,Clear
"Rain, Partially cloudy","Rain, Partially cloudy"
"Rain, Overcast","Rain, Overcast"
Clear,Clear
Overcast,"Rain, Overcast"
Clear,Clear
Clear,Clear
"Rain, Partially cloudy",Clear
Clear,Clear
"Rain, Overcast",Overcast
Clear,Clear
Overcast,Overcast
Clear,Clear
Clear,Clear
Partially cloudy,Partially cloudy
Clear,Clear
"Rain, Overcast","Rain, Partially cloudy"
"Rain, Partially cloudy","Rain, Partially cloudy"
"Rain, Overcast","Rain, Overcast"
"Rain, Partially cloudy","Rain, Partially cloudy"
Clear,Clear
Clear,Clear
"Rain, Overcast",Overcast
Clear,Clear
Clear,Clear
Partially cloudy,Clear
Clear,Clear
"Rain, Overcast","Rain, Overcast"
Clear,Clear
"Rain, Partially cloudy","Rain, Overcast"
